{"cameraMode":{"drawMode":0,"name":"Shaded","section":"Shading Mode"},"sceneLighting":false,"audioPlay":false,"sceneViewState":{"m_AlwaysRefresh":false,"showFog":true,"showSkybox":false,"showFlares":true,"showImageEffects":true,"showParticleSystems":true,"showVisualEffectGraphs":true,"m_FxEnabled":true},"in2DMode":false,"pivot":{"x":3.8392539024353029,"y":1.2939189672470093,"z":4.186607837677002},"rotation":{"x":-0.09107422083616257,"y":-0.6236392259597778,"z":0.07351722568273545,"w":-0.7729378938674927},"size":2.8818936347961427,"orthographic":false}