{"cameraMode":{"drawMode":0,"name":"Shaded","section":"Shading Mode"},"sceneLighting":false,"audioPlay":false,"sceneViewState":{"m_AlwaysRefresh":false,"showFog":true,"showSkybox":false,"showFlares":true,"showImageEffects":true,"showParticleSystems":true,"showVisualEffectGraphs":true,"m_FxEnabled":true},"in2DMode":false,"pivot":{"x":2.749600887298584,"y":0.8707947731018066,"z":-0.3423597812652588},"rotation":{"x":0.08445650339126587,"y":0.8088403940200806,"z":-0.12005916237831116,"w":0.5695388913154602},"size":3.9410579204559328,"orthographic":false}