{"cameraMode":{"drawMode":0,"name":"Shaded","section":"Shading Mode"},"sceneLighting":true,"audioPlay":false,"sceneViewState":{"m_AlwaysRefresh":false,"showFog":true,"showSkybox":true,"showFlares":true,"showImageEffects":true,"showParticleSystems":true,"showVisualEffectGraphs":true,"m_FxEnabled":true},"in2DMode":false,"pivot":{"x":6.277113437652588,"y":1.4487981796264649,"z":-27.899253845214845},"rotation":{"x":0.09281804412603378,"y":-0.9064801931381226,"z":0.31079527735710146,"w":0.2705934941768646},"size":2.300933361053467,"orthographic":false}