{"cameraMode":{"drawMode":0,"name":"Shaded","section":"Shading Mode"},"sceneLighting":true,"audioPlay":false,"sceneViewState":{"m_AlwaysRefresh":false,"showFog":true,"showSkybox":true,"showFlares":true,"showImageEffects":true,"showParticleSystems":true,"showVisualEffectGraphs":true,"m_FxEnabled":true},"in2DMode":false,"pivot":{"x":3.6343727111816408,"y":-1.9986953735351563,"z":19.834453582763673},"rotation":{"x":0.23771463334560395,"y":-0.6949647665023804,"z":0.26419249176979067,"w":0.6251845359802246},"size":22.049467086791993,"orthographic":false}