{"cameraMode":{"drawMode":0,"name":"Shaded","section":"Shading Mode"},"sceneLighting":false,"audioPlay":false,"sceneViewState":{"m_AlwaysRefresh":false,"showFog":true,"showSkybox":false,"showFlares":true,"showImageEffects":true,"showParticleSystems":true,"showVisualEffectGraphs":true,"m_FxEnabled":true},"in2DMode":false,"pivot":{"x":2.8818349838256838,"y":-1.3661222457885743,"z":-0.7511416673660278},"rotation":{"x":0.16276168823242188,"y":0.7397882342338562,"z":-0.19312532246112824,"w":0.6237536668777466},"size":4.672226905822754,"orthographic":false}