{"cameraMode":{"drawMode":0,"name":"Shaded","section":"Shading Mode"},"sceneLighting":false,"audioPlay":false,"sceneViewState":{"m_AlwaysRefresh":false,"showFog":true,"showSkybox":false,"showFlares":true,"showImageEffects":true,"showParticleSystems":true,"showVisualEffectGraphs":true,"m_FxEnabled":true},"in2DMode":false,"pivot":{"x":3.718506336212158,"y":0.8119809031486511,"z":-1.3574202060699463},"rotation":{"x":0.039150726050138476,"y":0.7947766184806824,"z":-0.051598288118839267,"w":0.6035561561584473},"size":5.572227478027344,"orthographic":false}