{"cameraMode":{"drawMode":0,"name":"Shaded","section":"Shading Mode"},"sceneLighting":false,"audioPlay":false,"sceneViewState":{"m_AlwaysRefresh":false,"showFog":true,"showSkybox":false,"showFlares":true,"showImageEffects":true,"showParticleSystems":true,"showVisualEffectGraphs":true,"m_FxEnabled":true},"in2DMode":false,"pivot":{"x":-0.3773537874221802,"y":1.494018793106079,"z":1.0075387954711915},"rotation":{"x":0.004699117038398981,"y":-0.9942192435264587,"z":0.09604846686124802,"w":0.04836049675941467},"size":1.7213881015777588,"orthographic":false}