{"cameraMode":{"drawMode":0,"name":"Shaded","section":"Shading Mode"},"sceneLighting":false,"audioPlay":false,"sceneViewState":{"m_AlwaysRefresh":false,"showFog":true,"showSkybox":false,"showFlares":true,"showImageEffects":true,"showParticleSystems":true,"showVisualEffectGraphs":true,"m_FxEnabled":true},"in2DMode":false,"pivot":{"x":-0.010131120681762696,"y":0.9744760990142822,"z":-0.7852672338485718},"rotation":{"x":-0.06275872141122818,"y":-0.9080856442451477,"z":0.14731061458587647,"w":-0.38703811168670657},"size":4.0898356437683109,"orthographic":false}