{"cameraMode":{"drawMode":0,"name":"Shaded","section":"Shading Mode"},"sceneLighting":false,"audioPlay":false,"sceneViewState":{"m_AlwaysRefresh":false,"showFog":true,"showSkybox":false,"showFlares":true,"showImageEffects":true,"showParticleSystems":true,"showVisualEffectGraphs":true,"m_FxEnabled":true},"in2DMode":false,"pivot":{"x":-0.1389874815940857,"y":1.6660716533660889,"z":2.1110751628875734},"rotation":{"x":0.007923373021185398,"y":-0.9918727874755859,"z":0.07782940566539765,"w":0.100625179708004},"size":2.0094287395477297,"orthographic":false}