{"cameraMode":{"drawMode":0,"name":"Shaded","section":"Shading Mode"},"sceneLighting":false,"audioPlay":false,"sceneViewState":{"m_AlwaysRefresh":false,"showFog":true,"showSkybox":false,"showFlares":true,"showImageEffects":true,"showParticleSystems":true,"showVisualEffectGraphs":true,"m_FxEnabled":true},"in2DMode":false,"pivot":{"x":0.09200002998113632,"y":0.31435447931289675,"z":0.006796784698963165},"rotation":{"x":-0.07523500174283982,"y":0.019743040204048158,"z":-0.0014108519535511733,"w":-0.9970769286155701},"size":0.3020680546760559,"orthographic":false}