{"cameraMode":{"drawMode":0,"name":"Shaded","section":"Shading Mode"},"sceneLighting":false,"audioPlay":false,"sceneViewState":{"m_AlwaysRefresh":false,"showFog":true,"showSkybox":false,"showFlares":true,"showImageEffects":true,"showParticleSystems":true,"showVisualEffectGraphs":true,"m_FxEnabled":true},"in2DMode":false,"pivot":{"x":146.90623474121095,"y":390.8983459472656,"z":34.22857666015625},"rotation":{"x":0.00118854024913162,"y":0.004793085623532534,"z":0.00007834182179067284,"w":-1.0000956058502198},"size":281.3890686035156,"orthographic":false}