{"cameraMode":{"drawMode":0,"name":"Shaded","section":"Shading Mode"},"sceneLighting":false,"audioPlay":false,"sceneViewState":{"m_AlwaysRefresh":false,"showFog":true,"showSkybox":false,"showFlares":true,"showImageEffects":true,"showParticleSystems":true,"showVisualEffectGraphs":true,"m_FxEnabled":true},"in2DMode":false,"pivot":{"x":744.2568969726563,"y":40.256439208984378,"z":47.79549789428711},"rotation":{"x":-0.0991578921675682,"y":0.004776745568960905,"z":-0.0004030902637168765,"w":-0.9951679110527039},"size":285.03106689453127,"orthographic":false}