{"cameraMode":{"drawMode":0,"name":"Shaded","section":"Shading Mode"},"sceneLighting":false,"audioPlay":false,"sceneViewState":{"m_AlwaysRefresh":false,"showFog":true,"showSkybox":false,"showFlares":true,"showImageEffects":true,"showParticleSystems":true,"showVisualEffectGraphs":true,"m_FxEnabled":true},"in2DMode":false,"pivot":{"x":0.45021283626556399,"y":3.1190366744995119,"z":-0.04511496424674988},"rotation":{"x":0.1760863959789276,"y":-0.47561556100845339,"z":0.09780186414718628,"w":0.8562963604927063},"size":3.1062090396881105,"orthographic":false}