{"cameraMode":{"drawMode":0,"name":"Shaded","section":"Shading Mode"},"sceneLighting":false,"audioPlay":false,"sceneViewState":{"m_AlwaysRefresh":false,"showFog":true,"showSkybox":false,"showFlares":true,"showImageEffects":true,"showParticleSystems":true,"showVisualEffectGraphs":true,"m_FxEnabled":true},"in2DMode":false,"pivot":{"x":0.7093939781188965,"y":2.7543694972991945,"z":-0.007696270942687988},"rotation":{"x":0.03256632387638092,"y":0.9263606667518616,"z":-0.08250578492879868,"w":0.366240918636322},"size":3.6123576164245607,"orthographic":false}