{"cameraMode":{"drawMode":0,"name":"Shaded","section":"Shading Mode"},"sceneLighting":false,"audioPlay":false,"sceneViewState":{"m_AlwaysRefresh":false,"showFog":true,"showSkybox":false,"showFlares":true,"showImageEffects":true,"showParticleSystems":true,"showVisualEffectGraphs":true,"m_FxEnabled":true},"in2DMode":false,"pivot":{"x":2.2911322116851808,"y":2.0407285690307619,"z":-2.660609245300293},"rotation":{"x":-0.0025726682506501676,"y":0.9942452907562256,"z":-0.10509230196475983,"w":-0.02387036755681038},"size":4.512357711791992,"orthographic":false}