{"cameraMode":{"drawMode":0,"name":"Shaded","section":"Shading Mode"},"sceneLighting":false,"audioPlay":false,"sceneViewState":{"m_AlwaysRefresh":false,"showFog":true,"showSkybox":false,"showFlares":true,"showImageEffects":true,"showParticleSystems":true,"showVisualEffectGraphs":true,"m_FxEnabled":true},"in2DMode":false,"pivot":{"x":3.8635923862457277,"y":0.4467792510986328,"z":-1.6737371683120728},"rotation":{"x":0.026918867602944375,"y":0.8168064951896668,"z":-0.0382799357175827,"w":0.5751374363899231},"size":6.260890960693359,"orthographic":false}