{"cameraMode":{"drawMode":0,"name":"Shaded","section":"Shading Mode"},"sceneLighting":false,"audioPlay":false,"sceneViewState":{"m_AlwaysRefresh":false,"showFog":true,"showSkybox":false,"showFlares":true,"showImageEffects":true,"showParticleSystems":true,"showVisualEffectGraphs":true,"m_FxEnabled":true},"in2DMode":false,"pivot":{"x":2.6398558616638185,"y":0.15956628322601319,"z":0.4989606738090515},"rotation":{"x":0.07928621023893357,"y":0.9137600064277649,"z":-0.21667951345443726,"w":0.33458608388900759},"size":2.8385636806488039,"orthographic":false}