{"cameraMode":{"drawMode":0,"name":"Shaded","section":"Shading Mode"},"sceneLighting":false,"audioPlay":false,"sceneViewState":{"m_AlwaysRefresh":false,"showFog":true,"showSkybox":false,"showFlares":true,"showImageEffects":true,"showParticleSystems":true,"showVisualEffectGraphs":true,"m_FxEnabled":true},"in2DMode":false,"pivot":{"x":0.6382412910461426,"y":0.36946940422058108,"z":-1.1875405311584473},"rotation":{"x":0.08912762254476547,"y":0.8854257464408875,"z":-0.19041931629180909,"w":0.4146800637245178},"size":2.838563919067383,"orthographic":false}