{"cameraMode":{"drawMode":0,"name":"Shaded","section":"Shading Mode"},"sceneLighting":false,"audioPlay":false,"sceneViewState":{"m_AlwaysRefresh":false,"showFog":true,"showSkybox":false,"showFlares":true,"showImageEffects":true,"showParticleSystems":true,"showVisualEffectGraphs":true,"m_FxEnabled":true},"in2DMode":false,"pivot":{"x":4.662615776062012,"y":0.8123660087585449,"z":-0.15043485164642335},"rotation":{"x":0.06908762454986572,"y":0.7713818550109863,"z":-0.08508025854825974,"w":0.6269775629043579},"size":4.792180061340332,"orthographic":false}