{"cameraMode":{"drawMode":0,"name":"Shaded","section":"Shading Mode"},"sceneLighting":false,"audioPlay":false,"sceneViewState":{"m_AlwaysRefresh":false,"showFog":true,"showSkybox":false,"showFlares":true,"showImageEffects":true,"showParticleSystems":true,"showVisualEffectGraphs":true,"m_FxEnabled":true},"in2DMode":false,"pivot":{"x":3.725290298461914e-8,"y":0.2739640772342682,"z":-1.1175870895385743e-8},"rotation":{"x":0.04648493230342865,"y":0.9427425861358643,"z":-0.14857488870620728,"w":0.29504019021987917},"size":0.28681105375289919,"orthographic":false}