{"cameraMode":{"drawMode":0,"name":"Shaded","section":"Shading Mode"},"sceneLighting":false,"audioPlay":false,"sceneViewState":{"m_AlwaysRefresh":false,"showFog":true,"showSkybox":false,"showFlares":true,"showImageEffects":true,"showParticleSystems":true,"showVisualEffectGraphs":true,"m_FxEnabled":true},"in2DMode":false,"pivot":{"x":5.6942338943481449,"y":0.894080400466919,"z":-0.7507762908935547},"rotation":{"x":0.020336655899882318,"y":0.7923688292503357,"z":-0.026377888396382333,"w":0.6092520356178284},"size":4.684942722320557,"orthographic":false}