{"cameraMode":{"drawMode":0,"name":"Shaded","section":"Shading Mode"},"sceneLighting":false,"audioPlay":false,"sceneViewState":{"m_AlwaysRefresh":false,"showFog":true,"showSkybox":false,"showFlares":true,"showImageEffects":true,"showParticleSystems":true,"showVisualEffectGraphs":true,"m_FxEnabled":true},"in2DMode":false,"pivot":{"x":-0.42760276794433596,"y":3.465601921081543,"z":-3.3456897735595705},"rotation":{"x":0.0067406888119876389,"y":0.9790971279144287,"z":-0.03261801600456238,"w":0.20100964605808259},"size":3.4664993286132814,"orthographic":false}