{"cameraMode":{"drawMode":0,"name":"Shaded","section":"Shading Mode"},"sceneLighting":false,"audioPlay":false,"sceneViewState":{"m_AlwaysRefresh":false,"showFog":true,"showSkybox":false,"showFlares":true,"showImageEffects":true,"showParticleSystems":true,"showVisualEffectGraphs":true,"m_FxEnabled":true},"in2DMode":false,"pivot":{"x":0.000011980533599853516,"y":1.0249547958374024,"z":0.068764328956604},"rotation":{"x":0.007657987531274557,"y":0.974213182926178,"z":-0.22329379618167878,"w":0.033624693751335147},"size":2.359689235687256,"orthographic":false}