{"cameraMode":{"drawMode":0,"name":"Shaded","section":"Shading Mode"},"sceneLighting":false,"audioPlay":false,"sceneViewState":{"m_AlwaysRefresh":false,"showFog":true,"showSkybox":false,"showFlares":true,"showImageEffects":true,"showParticleSystems":true,"showVisualEffectGraphs":true,"m_FxEnabled":true},"in2DMode":false,"pivot":{"x":6.137293815612793,"y":0.14092183113098145,"z":-0.01850605010986328},"rotation":{"x":-0.051293835043907168,"y":-0.002700323471799493,"z":0.0002113686641678214,"w":-0.9987872838973999},"size":27.96250343322754,"orthographic":false}